players_name,date,team,opponent,rounds_won,rounds_lost,rating,map
ropz,2025-12-14,Vitality,FaZe,13,2,2.89,ovp
ropz,2025-12-14,Vitality,FaZe,13,9,1.3,inf
ropz,2025-12-14,Vitality,FaZe,13,3,0.94,d2
ropz,2025-12-14,Vitality,FaZe,6,13,0.97,nuke
ropz,2025-12-13,Vitality,Spirit,13,8,1.15,d2
ropz,2025-12-13,Vitality,Spirit,19,17,1.46,mrg
ropz,2025-12-11,Vitality,The MongolZ,13,4,1.93,d2
ropz,2025-12-11,Vitality,The MongolZ,13,5,1.17,mrg
ropz,2025-12-06,Vitality,Natus Vincere,13,11,1.5,trn
ropz,2025-12-06,Vitality,Natus Vincere,13,11,1.12,inf
ropz,2025-12-05,Vitality,B8,13,2,1.72,inf
ropz,2025-12-04,Vitality,3DMAX,13,4,1.91,nuke
ropz,2025-12-04,Vitality,FaZe,7,13,0.78,nuke
ropz,2025-11-15,Vitality,Falcons,7,13,0.69,nuke
ropz,2025-11-15,Vitality,Falcons,13,16,0.85,inf
ropz,2025-11-14,Vitality,Spirit,16,13,1.16,mrg
ropz,2025-11-14,Vitality,Spirit,19,16,1.33,nuke
ropz,2025-11-14,Vitality,Spirit,11,13,0.85,d2
ropz,2025-11-13,Vitality,FURIA,5,13,0.64,inf
ropz,2025-11-13,Vitality,FURIA,16,13,1.23,ovp
ropz,2025-11-13,Vitality,FURIA,11,13,0.75,nuke
ropz,2025-11-12,Vitality,TYLOO,13,11,1.68,inf
ropz,2025-11-12,Vitality,TYLOO,4,13,1.11,nuke
ropz,2025-11-12,Vitality,TYLOO,13,2,1.29,ovp
ropz,2025-11-09,Vitality,FURIA,11,13,1.25,ovp
ropz,2025-11-09,Vitality,FURIA,10,13,0.57,inf
ropz,2025-11-09,Vitality,FURIA,11,13,0.87,anc
ropz,2025-11-08,Vitality,MOUZ,13,10,1.67,inf
ropz,2025-11-08,Vitality,MOUZ,11,13,1.56,trn
ropz,2025-11-08,Vitality,MOUZ,16,13,1.09,nuke
ropz,2025-11-07,Vitality,Astralis,13,7,0.79,mrg
ropz,2025-11-07,Vitality,Astralis,14,16,1.23,nuke
ropz,2025-11-07,Vitality,Astralis,13,7,1.37,inf
ropz,2025-11-05,Vitality,G2,13,11,0.78,mrg
ropz,2025-11-05,Vitality,G2,13,4,1.43,trn
ropz,2025-11-05,Vitality,Lynn Vision,13,5,1.68,nuke
ropz,2025-11-05,Vitality,Lynn Vision,13,2,1.37,d2
ropz,2025-11-04,Vitality,MOUZ,19,22,1.15,inf
ropz,2025-11-04,Vitality,MOUZ,13,8,1.96,nuke
ropz,2025-11-04,Vitality,MOUZ,3,13,1.27,trn
ropz,2025-11-03,Vitality,Virtus.pro,13,4,1.09,mrg
ropz,2025-11-03,Vitality,Virtus.pro,13,11,1.3,d2
ropz,2025-11-03,Vitality,Virtus.pro,9,13,1.1,ovp
ropz,2025-10-12,Vitality,Falcons,13,5,1.23,d2
ropz,2025-10-12,Vitality,Falcons,13,9,0.94,trn
ropz,2025-10-12,Vitality,Falcons,13,10,1.34,inf
ropz,2025-10-11,Vitality,FaZe,13,8,1.02,d2
ropz,2025-10-11,Vitality,FaZe,13,9,1.65,inf
ropz,2025-10-11,Vitality,FaZe,20,22,0.73,mrg
ropz,2025-10-10,Vitality,FURIA,13,7,1.17,nuke
ropz,2025-10-10,Vitality,FURIA,13,7,1.2,inf
ropz,2025-10-10,Vitality,FURIA,9,13,0.76,ovp
ropz,2025-10-07,Vitality,G2,16,13,1.14,mrg
ropz,2025-10-07,Vitality,G2,13,2,1.66,inf
ropz,2025-10-06,Vitality,HOTU,13,5,1.5,d2
ropz,2025-10-06,Vitality,HOTU,13,8,1.22,ovp
ropz,2025-10-05,Vitality,GamerLegion,13,1,1.63,d2
ropz,2025-10-05,Vitality,GamerLegion,13,3,1.37,ovp
ropz,2025-10-04,Vitality,Gentle Mates,11,13,0.79,trn
ropz,2025-10-04,Vitality,Gentle Mates,6,13,1.54,nuke
ropz,2025-09-07,Vitality,G2,6,13,1.01,trn
ropz,2025-09-07,Vitality,G2,12,16,1.01,inf
ropz,2025-09-07,Vitality,G2,13,6,1.37,ovp
ropz,2025-09-07,Vitality,G2,13,6,1.13,mrg
ropz,2025-09-07,Vitality,G2,3,13,0.48,d2
ropz,2025-09-06,Vitality,MOUZ,13,8,0.79,inf
ropz,2025-09-06,Vitality,MOUZ,13,7,1.27,mrg
ropz,2025-09-01,Vitality,FaZe,13,5,1.04,inf
ropz,2025-09-01,Vitality,FaZe,19,16,1.23,nuke
ropz,2025-09-01,Vitality,FaZe,17,19,1.16,mrg
ropz,2025-08-29,Vitality,GamerLegion,13,4,1.91,nuke
ropz,2025-08-29,Vitality,GamerLegion,7,13,0.86,inf
ropz,2025-08-29,Vitality,GamerLegion,13,9,1.37,trn
ropz,2025-08-27,Vitality,M80,13,10,1.0,inf
ropz,2025-08-27,Vitality,M80,13,7,1.14,d2
ropz,2025-08-27,Vitality,M80,3,13,0.48,ovp
ropz,2025-08-24,Vitality,Falcons,3,13,0.84,nuke
ropz,2025-08-24,Vitality,Falcons,3,13,0.34,trn
ropz,2025-08-24,Vitality,Falcons,13,9,1.27,inf
ropz,2025-08-23,Vitality,The MongolZ,7,13,1.52,nuke
ropz,2025-08-23,Vitality,The MongolZ,13,9,1.44,d2
ropz,2025-08-23,Vitality,The MongolZ,8,13,0.85,mrg
ropz,2025-08-21,Vitality,TYLOO,13,8,1.0,nuke
ropz,2025-08-21,Vitality,TYLOO,13,4,1.25,inf
ropz,2025-08-20,Vitality,Liquid,19,16,1.19,d2
ropz,2025-08-20,Vitality,Liquid,13,11,1.59,mrg
ropz,2025-08-16,Vitality,The MongolZ,11,13,0.9,inf
ropz,2025-08-16,Vitality,The MongolZ,7,13,1.03,mrg
ropz,2025-08-15,Vitality,Liquid,19,16,1.39,nuke
ropz,2025-08-15,Vitality,Liquid,16,13,1.3,trn
ropz,2025-08-10,Vitality,Legacy,13,8,1.41,d2
ropz,2025-08-10,Vitality,Legacy,16,12,1.06,mrg
ropz,2025-08-08,Vitality,NRG,13,4,1.31,d2
ropz,2025-08-08,Vitality,NRG,13,5,0.81,mrg
ropz,2025-08-02,Vitality,MOUZ,8,13,1.33,trn
ropz,2025-08-02,Vitality,MOUZ,9,13,1.44,mrg
ropz,2025-07-29,Vitality,The MongolZ,13,8,1.1,inf
ropz,2025-07-29,Vitality,The MongolZ,13,5,1.5,mrg
ropz,2025-07-27,Vitality,G2,13,10,1.12,trn
ropz,2025-07-27,Vitality,G2,13,5,1.0,inf
ropz,2025-07-26,Vitality,Astralis,13,8,1.63,ovp
ropz,2025-07-26,Vitality,Astralis,13,11,0.87,nuke
ropz,2025-06-22,Vitality,The MongolZ,13,6,0.88,inf
ropz,2025-06-22,Vitality,The MongolZ,13,4,1.47,d2
ropz,2025-06-22,Vitality,The MongolZ,5,13,0.87,mrg
ropz,2025-06-21,Vitality,MOUZ,13,6,1.34,trn
ropz,2025-06-21,Vitality,MOUZ,4,13,0.68,inf
ropz,2025-06-21,Vitality,MOUZ,13,8,1.73,mrg
ropz,2025-06-20,Vitality,Natus Vincere,13,11,1.01,nuke
ropz,2025-06-20,Vitality,Natus Vincere,13,9,0.99,mrg
ropz,2025-06-14,Vitality,Virtus.pro,13,6,1.34,d2
ropz,2025-06-14,Vitality,Virtus.pro,13,6,1.59,trn
ropz,2025-06-13,Vitality,3DMAX,13,2,1.87,nuke
ropz,2025-06-13,Vitality,Nemiga,13,6,1.29,d2
ropz,2025-06-12,Vitality,Legacy,3,13,0.69,inf
ropz,2025-05-25,Vitality,MOUZ,13,8,0.76,inf
ropz,2025-05-25,Vitality,MOUZ,13,9,0.9,mrg
ropz,2025-05-25,Vitality,MOUZ,13,11,1.46,d2
ropz,2025-05-24,Vitality,Falcons,13,11,1.03,inf
ropz,2025-05-24,Vitality,Falcons,6,13,0.63,trn
ropz,2025-05-24,Vitality,Falcons,13,7,1.19,d2
ropz,2025-05-22,Vitality,The MongolZ,13,11,0.95,mrg
ropz,2025-05-22,Vitality,The MongolZ,7,13,0.73,nuke
ropz,2025-05-22,Vitality,The MongolZ,13,10,1.21,inf
ropz,2025-05-20,Vitality,GamerLegion,13,10,1.48,nuke
ropz,2025-05-20,Vitality,GamerLegion,13,9,1.49,mrg
ropz,2025-05-19,Vitality,Legacy,13,11,1.13,d2
ropz,2025-05-19,Vitality,Legacy,13,5,1.03,inf
ropz,2025-05-04,Vitality,Falcons,13,8,1.87,nuke
ropz,2025-05-04,Vitality,Falcons,14,16,1.17,mrg
ropz,2025-05-04,Vitality,Falcons,13,6,1.3,trn
ropz,2025-05-04,Vitality,Falcons,13,6,1.02,d2
ropz,2025-05-04,Vitality,Falcons,9,13,1.26,inf
ropz,2025-05-03,Vitality,Spirit,13,9,1.05,nuke
ropz,2025-05-03,Vitality,Spirit,13,8,1.46,mrg
ropz,2025-05-01,Vitality,MOUZ,13,8,1.33,trn
ropz,2025-05-01,Vitality,MOUZ,13,9,0.99,inf
ropz,2025-05-01,Vitality,MOUZ,9,13,1.33,mrg
ropz,2025-04-30,Vitality,Wildcard,13,6,0.85,d2
ropz,2025-04-30,Vitality,Wildcard,13,7,1.28,inf
ropz,2025-04-27,Vitality,Falcons,22,20,1.21,nuke
ropz,2025-04-27,Vitality,Falcons,10,13,0.97,mrg
ropz,2025-04-27,Vitality,Falcons,13,9,1.12,trn
ropz,2025-04-27,Vitality,Falcons,12,16,1.46,d2
ropz,2025-04-27,Vitality,Falcons,13,2,1.64,inf
ropz,2025-04-26,Vitality,The MongolZ,13,3,2.13,nuke
ropz,2025-04-26,Vitality,The MongolZ,13,3,1.08,mrg
ropz,2025-04-23,Vitality,Falcons,13,8,1.26,inf
ropz,2025-04-23,Vitality,Falcons,16,13,1.09,mrg
ropz,2025-04-22,Vitality,Liquid,13,8,1.97,nuke
ropz,2025-04-22,Vitality,Liquid,13,5,1.13,mrg
ropz,2025-04-21,Vitality,FlyQuest,13,8,1.3,nuke
ropz,2025-04-21,Vitality,FlyQuest,13,2,2.32,anb
ropz,2025-03-30,Vitality,MOUZ,13,7,1.03,trn
ropz,2025-03-30,Vitality,MOUZ,13,7,1.04,nuke
ropz,2025-03-30,Vitality,MOUZ,11,13,0.98,d2
ropz,2025-03-30,Vitality,MOUZ,11,13,1.06,mrg
ropz,2025-03-30,Vitality,MOUZ,13,0,2.09,inf
ropz,2025-03-29,Vitality,Spirit,13,10,1.41,mrg
ropz,2025-03-29,Vitality,Spirit,5,13,0.88,nuke
ropz,2025-03-29,Vitality,Spirit,13,6,0.78,anb
ropz,2025-03-24,Vitality,MOUZ,13,11,1.42,d2
ropz,2025-03-24,Vitality,MOUZ,13,11,1.29,mrg
ropz,2025-03-21,Vitality,Virtus.pro,13,5,1.56,inf
ropz,2025-03-21,Vitality,Virtus.pro,13,6,1.09,anb
ropz,2025-03-19,Vitality,Astralis,13,6,1.08,d2
ropz,2025-03-19,Vitality,Astralis,13,4,1.34,inf
ropz,2025-03-16,Vitality,MOUZ,13,5,1.24,inf
ropz,2025-03-16,Vitality,MOUZ,13,4,1.09,nuke
ropz,2025-03-16,Vitality,MOUZ,13,9,1.2,d2
ropz,2025-03-15,Vitality,The MongolZ,13,2,1.11,inf
ropz,2025-03-15,Vitality,The MongolZ,14,16,1.01,nuke
ropz,2025-03-15,Vitality,The MongolZ,13,4,0.97,anb
ropz,2025-03-14,Vitality,Liquid,13,9,1.51,d2
ropz,2025-03-14,Vitality,Liquid,13,9,1.32,anb
ropz,2025-03-09,Vitality,MOUZ,13,7,1.3,d2
ropz,2025-03-09,Vitality,MOUZ,13,6,1.0,inf
ropz,2025-03-08,Vitality,3DMAX,13,7,1.54,d2
ropz,2025-03-08,Vitality,3DMAX,13,5,1.27,trn
ropz,2025-03-07,Vitality,MIBR,13,8,1.77,trn
ropz,2025-03-07,Vitality,MIBR,13,3,1.4,inf
ropz,2025-03-07,Vitality,MIBR,7,13,1.03,anb
ropz,2025-02-09,Vitality,Spirit,13,11,0.92,mrg
ropz,2025-02-09,Vitality,Spirit,13,5,1.31,nuke
ropz,2025-02-09,Vitality,Spirit,13,6,2.3,d2
ropz,2025-02-08,Vitality,The MongolZ,13,9,1.17,nuke
ropz,2025-02-08,Vitality,The MongolZ,13,7,1.3,mrg
ropz,2025-02-04,Vitality,Virtus.pro,13,5,1.49,inf
ropz,2025-02-04,Vitality,Virtus.pro,13,8,1.07,anb
ropz,2025-02-02,Vitality,FaZe,19,16,0.96,d2
ropz,2025-02-02,Vitality,FaZe,10,13,0.97,anb
ropz,2025-02-02,Vitality,FaZe,13,3,1.25,nuke
ropz,2025-02-01,Vitality,3DMAX,13,9,1.54,nuke
ropz,2025-02-01,Vitality,3DMAX,19,16,1.02,inf
ropz,2025-01-24,Vitality,Eternal Fire,11,13,0.71,mrg
ropz,2025-01-24,Vitality,Eternal Fire,9,13,0.96,anb
ropz,2025-01-19,Vitality,Virtus.pro,13,6,1.21,inf
ropz,2025-01-19,Vitality,Virtus.pro,13,11,1.04,trn
ropz,2025-01-15,Vitality,Metizport,13,9,1.05,d2
ropz,2025-01-15,Vitality,Metizport,13,11,1.03,mrg
flamez,2025-12-14,Vitality,FaZe,13,2,1.17,ovp
flamez,2025-12-14,Vitality,FaZe,13,9,0.83,inf
flamez,2025-12-14,Vitality,FaZe,13,3,1.43,d2
flamez,2025-12-14,Vitality,FaZe,6,13,0.92,nuke
flamez,2025-12-13,Vitality,Spirit,13,8,1.34,d2
flamez,2025-12-13,Vitality,Spirit,19,17,0.88,mrg
flamez,2025-12-11,Vitality,The MongolZ,13,4,1.26,d2
flamez,2025-12-11,Vitality,The MongolZ,13,5,1.32,mrg
flamez,2025-12-06,Vitality,Natus Vincere,13,11,0.63,trn
flamez,2025-12-06,Vitality,Natus Vincere,13,11,0.85,inf
flamez,2025-12-05,Vitality,B8,13,2,1.84,inf
flamez,2025-12-04,Vitality,3DMAX,13,4,1.63,nuke
flamez,2025-12-04,Vitality,FaZe,7,13,0.83,nuke
flamez,2025-11-15,Vitality,Falcons,7,13,1.05,nuke
flamez,2025-11-15,Vitality,Falcons,13,16,1.08,inf
flamez,2025-11-14,Vitality,Spirit,16,13,1.09,mrg
flamez,2025-11-14,Vitality,Spirit,19,16,1.24,nuke
flamez,2025-11-14,Vitality,Spirit,11,13,0.66,d2
flamez,2025-11-13,Vitality,FURIA,5,13,1.31,inf
flamez,2025-11-13,Vitality,FURIA,16,13,0.98,ovp
flamez,2025-11-13,Vitality,FURIA,11,13,1.0,nuke
flamez,2025-11-12,Vitality,TYLOO,13,11,0.84,inf
flamez,2025-11-12,Vitality,TYLOO,4,13,0.51,nuke
flamez,2025-11-12,Vitality,TYLOO,13,2,1.81,ovp
flamez,2025-11-09,Vitality,FURIA,11,13,0.66,ovp
flamez,2025-11-09,Vitality,FURIA,10,13,1.58,inf
flamez,2025-11-09,Vitality,FURIA,11,13,1.05,anc
flamez,2025-11-08,Vitality,MOUZ,13,10,0.94,inf
flamez,2025-11-08,Vitality,MOUZ,11,13,1.16,trn
flamez,2025-11-08,Vitality,MOUZ,16,13,1.52,nuke
flamez,2025-11-07,Vitality,Astralis,13,7,1.37,mrg
flamez,2025-11-07,Vitality,Astralis,14,16,1.2,nuke
flamez,2025-11-07,Vitality,Astralis,13,7,1.63,inf
flamez,2025-11-05,Vitality,G2,13,11,1.19,mrg
flamez,2025-11-05,Vitality,G2,13,4,1.18,trn
flamez,2025-11-05,Vitality,Lynn Vision,13,5,1.37,nuke
flamez,2025-11-05,Vitality,Lynn Vision,13,2,2.44,d2
flamez,2025-11-04,Vitality,MOUZ,19,22,1.19,inf
flamez,2025-11-04,Vitality,MOUZ,13,8,1.46,nuke
flamez,2025-11-04,Vitality,MOUZ,3,13,0.51,trn
flamez,2025-11-03,Vitality,Virtus.pro,13,4,1.39,mrg
flamez,2025-11-03,Vitality,Virtus.pro,13,11,1.0,d2
flamez,2025-11-03,Vitality,Virtus.pro,9,13,0.95,ovp
flamez,2025-10-12,Vitality,Falcons,13,5,1.66,d2
flamez,2025-10-12,Vitality,Falcons,13,9,1.54,trn
flamez,2025-10-12,Vitality,Falcons,13,10,1.73,inf
flamez,2025-10-11,Vitality,FaZe,13,8,0.71,d2
flamez,2025-10-11,Vitality,FaZe,13,9,1.4,inf
flamez,2025-10-11,Vitality,FaZe,20,22,0.99,mrg
flamez,2025-10-10,Vitality,FURIA,13,7,1.33,nuke
flamez,2025-10-10,Vitality,FURIA,13,7,1.5,inf
flamez,2025-10-10,Vitality,FURIA,9,13,0.89,ovp
flamez,2025-10-07,Vitality,G2,16,13,0.81,mrg
flamez,2025-10-07,Vitality,G2,13,2,1.23,inf
flamez,2025-10-06,Vitality,HOTU,13,5,1.25,d2
flamez,2025-10-06,Vitality,HOTU,13,8,1.27,ovp
flamez,2025-10-05,Vitality,GamerLegion,13,1,2.23,d2
flamez,2025-10-05,Vitality,GamerLegion,13,3,1.36,ovp
flamez,2025-10-04,Vitality,Gentle Mates,11,13,1.11,trn
flamez,2025-10-04,Vitality,Gentle Mates,6,13,0.84,nuke
flamez,2025-09-07,Vitality,G2,6,13,0.93,trn
flamez,2025-09-07,Vitality,G2,12,16,0.83,inf
flamez,2025-09-07,Vitality,G2,13,6,1.56,ovp
flamez,2025-09-07,Vitality,G2,13,6,1.42,mrg
flamez,2025-09-07,Vitality,G2,3,13,1.04,d2
flamez,2025-09-06,Vitality,MOUZ,13,8,1.56,inf
flamez,2025-09-06,Vitality,MOUZ,13,7,1.05,mrg
flamez,2025-09-01,Vitality,FaZe,13,5,1.91,inf
flamez,2025-09-01,Vitality,FaZe,19,16,1.16,nuke
flamez,2025-09-01,Vitality,FaZe,17,19,1.13,mrg
flamez,2025-08-29,Vitality,GamerLegion,13,4,1.72,nuke
flamez,2025-08-29,Vitality,GamerLegion,7,13,0.75,inf
flamez,2025-08-29,Vitality,GamerLegion,13,9,0.85,trn
flamez,2025-08-27,Vitality,M80,13,10,1.4,inf
flamez,2025-08-27,Vitality,M80,13,7,1.33,d2
flamez,2025-08-27,Vitality,M80,3,13,1.46,ovp
flamez,2025-08-24,Vitality,Falcons,3,13,0.45,nuke
flamez,2025-08-24,Vitality,Falcons,3,13,0.71,trn
flamez,2025-08-24,Vitality,Falcons,13,9,1.03,inf
flamez,2025-08-23,Vitality,The MongolZ,7,13,0.85,nuke
flamez,2025-08-23,Vitality,The MongolZ,13,9,1.04,d2
flamez,2025-08-23,Vitality,The MongolZ,8,13,0.93,mrg
flamez,2025-08-21,Vitality,TYLOO,13,8,1.73,nuke
flamez,2025-08-21,Vitality,TYLOO,13,4,0.94,inf
flamez,2025-08-20,Vitality,Liquid,19,16,1.25,d2
flamez,2025-08-20,Vitality,Liquid,13,11,0.7,mrg
flamez,2025-08-16,Vitality,The MongolZ,11,13,1.02,inf
flamez,2025-08-16,Vitality,The MongolZ,7,13,0.87,mrg
flamez,2025-08-15,Vitality,Liquid,19,16,0.96,nuke
flamez,2025-08-15,Vitality,Liquid,16,13,0.93,trn
flamez,2025-08-10,Vitality,Legacy,13,8,1.3,d2
flamez,2025-08-10,Vitality,Legacy,16,12,1.22,mrg
flamez,2025-08-08,Vitality,NRG,13,4,0.98,d2
flamez,2025-08-08,Vitality,NRG,13,5,1.73,mrg
flamez,2025-08-02,Vitality,MOUZ,8,13,0.36,trn
flamez,2025-08-02,Vitality,MOUZ,9,13,0.78,mrg
flamez,2025-07-29,Vitality,The MongolZ,13,8,1.6,inf
flamez,2025-07-29,Vitality,The MongolZ,13,5,0.98,mrg
flamez,2025-07-27,Vitality,G2,13,10,1.15,trn
flamez,2025-07-27,Vitality,G2,13,5,1.34,inf
flamez,2025-07-26,Vitality,Astralis,13,8,1.03,ovp
flamez,2025-07-26,Vitality,Astralis,13,11,1.31,nuke
flamez,2025-06-22,Vitality,The MongolZ,13,6,1.84,inf
flamez,2025-06-22,Vitality,The MongolZ,13,4,1.23,d2
flamez,2025-06-22,Vitality,The MongolZ,5,13,0.85,mrg
flamez,2025-06-21,Vitality,MOUZ,13,6,1.24,trn
flamez,2025-06-21,Vitality,MOUZ,4,13,0.39,inf
flamez,2025-06-21,Vitality,MOUZ,13,8,1.48,mrg
flamez,2025-06-20,Vitality,Natus Vincere,13,11,0.9,nuke
flamez,2025-06-20,Vitality,Natus Vincere,13,9,1.15,mrg
flamez,2025-06-14,Vitality,Virtus.pro,13,6,0.78,d2
flamez,2025-06-14,Vitality,Virtus.pro,13,6,1.44,trn
flamez,2025-06-13,Vitality,3DMAX,13,2,1.32,nuke
flamez,2025-06-13,Vitality,Nemiga,13,6,1.25,d2
flamez,2025-06-12,Vitality,Legacy,3,13,0.91,inf
flamez,2025-05-25,Vitality,MOUZ,13,8,0.95,inf
flamez,2025-05-25,Vitality,MOUZ,13,9,1.31,mrg
flamez,2025-05-25,Vitality,MOUZ,13,11,1.22,d2
flamez,2025-05-24,Vitality,Falcons,13,11,1.1,inf
flamez,2025-05-24,Vitality,Falcons,6,13,0.99,trn
flamez,2025-05-24,Vitality,Falcons,13,7,0.98,d2
flamez,2025-05-22,Vitality,The MongolZ,13,11,1.4,mrg
flamez,2025-05-22,Vitality,The MongolZ,7,13,0.77,nuke
flamez,2025-05-22,Vitality,The MongolZ,13,10,1.41,inf
flamez,2025-05-20,Vitality,GamerLegion,13,10,1.08,nuke
flamez,2025-05-20,Vitality,GamerLegion,13,9,1.13,mrg
flamez,2025-05-19,Vitality,Legacy,13,11,1.11,d2
flamez,2025-05-19,Vitality,Legacy,13,5,1.72,inf
flamez,2025-05-04,Vitality,Falcons,13,8,0.83,nuke
flamez,2025-05-04,Vitality,Falcons,14,16,0.77,mrg
flamez,2025-05-04,Vitality,Falcons,13,6,1.88,trn
flamez,2025-05-04,Vitality,Falcons,13,6,1.26,d2
flamez,2025-05-04,Vitality,Falcons,9,13,0.81,inf
flamez,2025-05-03,Vitality,Spirit,13,9,1.4,nuke
flamez,2025-05-03,Vitality,Spirit,13,8,0.97,mrg
flamez,2025-05-01,Vitality,MOUZ,13,8,1.45,trn
flamez,2025-05-01,Vitality,MOUZ,13,9,1.25,inf
flamez,2025-05-01,Vitality,MOUZ,9,13,0.95,mrg
flamez,2025-04-30,Vitality,Wildcard,13,6,1.21,d2
flamez,2025-04-30,Vitality,Wildcard,13,7,0.69,inf
flamez,2025-04-27,Vitality,Falcons,22,20,1.0,nuke
flamez,2025-04-27,Vitality,Falcons,10,13,0.75,mrg
flamez,2025-04-27,Vitality,Falcons,13,9,1.09,trn
flamez,2025-04-27,Vitality,Falcons,12,16,0.8,d2
flamez,2025-04-27,Vitality,Falcons,13,2,1.14,inf
flamez,2025-04-26,Vitality,The MongolZ,13,3,1.38,nuke
flamez,2025-04-26,Vitality,The MongolZ,13,3,1.33,mrg
flamez,2025-04-23,Vitality,Falcons,13,8,1.23,inf
flamez,2025-04-23,Vitality,Falcons,16,13,1.17,mrg
flamez,2025-04-22,Vitality,Liquid,13,8,1.56,nuke
flamez,2025-04-22,Vitality,Liquid,13,5,1.6,mrg
flamez,2025-04-21,Vitality,FlyQuest,13,8,1.41,nuke
flamez,2025-04-21,Vitality,FlyQuest,13,2,1.56,anb
flamez,2025-03-30,Vitality,MOUZ,13,7,1.82,trn
flamez,2025-03-30,Vitality,MOUZ,13,7,0.83,nuke
flamez,2025-03-30,Vitality,MOUZ,11,13,0.78,d2
flamez,2025-03-30,Vitality,MOUZ,11,13,0.81,mrg
flamez,2025-03-30,Vitality,MOUZ,13,0,1.64,inf
flamez,2025-03-29,Vitality,Spirit,13,10,0.9,mrg
flamez,2025-03-29,Vitality,Spirit,5,13,0.78,nuke
flamez,2025-03-29,Vitality,Spirit,13,6,1.54,anb
flamez,2025-03-24,Vitality,MOUZ,13,11,0.91,d2
flamez,2025-03-24,Vitality,MOUZ,13,11,1.15,mrg
flamez,2025-03-21,Vitality,Virtus.pro,13,5,1.31,inf
flamez,2025-03-21,Vitality,Virtus.pro,13,6,1.43,anb
flamez,2025-03-19,Vitality,Astralis,13,6,1.22,d2
flamez,2025-03-19,Vitality,Astralis,13,4,1.29,inf
flamez,2025-03-16,Vitality,MOUZ,13,5,1.08,inf
flamez,2025-03-16,Vitality,MOUZ,13,4,1.08,nuke
flamez,2025-03-16,Vitality,MOUZ,13,9,1.7,d2
flamez,2025-03-15,Vitality,The MongolZ,13,2,2.57,inf
flamez,2025-03-15,Vitality,The MongolZ,14,16,0.97,nuke
flamez,2025-03-15,Vitality,The MongolZ,13,4,1.98,anb
flamez,2025-03-14,Vitality,Liquid,13,9,0.7,d2
flamez,2025-03-14,Vitality,Liquid,13,9,1.32,anb
flamez,2025-03-09,Vitality,MOUZ,13,7,0.96,d2
flamez,2025-03-09,Vitality,MOUZ,13,6,1.0,inf
flamez,2025-03-08,Vitality,3DMAX,13,7,1.3,d2
flamez,2025-03-08,Vitality,3DMAX,13,5,1.53,trn
flamez,2025-03-07,Vitality,MIBR,13,8,1.04,trn
flamez,2025-03-07,Vitality,MIBR,13,3,1.51,inf
flamez,2025-03-07,Vitality,MIBR,7,13,1.02,anb
flamez,2025-02-09,Vitality,Spirit,13,11,1.16,mrg
flamez,2025-02-09,Vitality,Spirit,13,5,0.95,nuke
flamez,2025-02-09,Vitality,Spirit,13,6,0.95,d2
flamez,2025-02-08,Vitality,The MongolZ,13,9,1.52,nuke
flamez,2025-02-08,Vitality,The MongolZ,13,7,0.94,mrg
flamez,2025-02-04,Vitality,Virtus.pro,13,5,1.54,inf
flamez,2025-02-04,Vitality,Virtus.pro,13,8,1.77,anb
flamez,2025-02-02,Vitality,FaZe,19,16,0.95,d2
flamez,2025-02-02,Vitality,FaZe,10,13,1.55,anb
flamez,2025-02-02,Vitality,FaZe,13,3,1.71,nuke
flamez,2025-02-01,Vitality,3DMAX,13,9,1.04,nuke
flamez,2025-02-01,Vitality,3DMAX,19,16,1.02,inf
flamez,2025-01-24,Vitality,Eternal Fire,11,13,1.22,mrg
flamez,2025-01-24,Vitality,Eternal Fire,9,13,0.98,anb
flamez,2025-01-19,Vitality,Virtus.pro,13,6,0.62,inf
flamez,2025-01-19,Vitality,Virtus.pro,13,11,1.04,trn
flamez,2025-01-15,Vitality,Metizport,13,9,0.64,d2
flamez,2025-01-15,Vitality,Metizport,13,11,1.16,mrg
mezii,2025-12-14,Vitality,FaZe,13,2,0.98,ovp
mezii,2025-12-14,Vitality,FaZe,13,9,2.0,inf
mezii,2025-12-14,Vitality,FaZe,13,3,1.7,d2
mezii,2025-12-14,Vitality,FaZe,6,13,1.05,nuke
mezii,2025-12-13,Vitality,Spirit,13,8,0.85,d2
mezii,2025-12-13,Vitality,Spirit,19,17,1.38,mrg
mezii,2025-12-11,Vitality,The MongolZ,13,4,1.02,d2
mezii,2025-12-11,Vitality,The MongolZ,13,5,1.6,mrg
mezii,2025-12-06,Vitality,Natus Vincere,13,11,1.15,trn
mezii,2025-12-06,Vitality,Natus Vincere,13,11,1.31,inf
mezii,2025-12-05,Vitality,B8,13,2,1.43,inf
mezii,2025-12-04,Vitality,3DMAX,13,4,1.31,nuke
mezii,2025-12-04,Vitality,FaZe,7,13,0.66,nuke
mezii,2025-11-15,Vitality,Falcons,7,13,0.4,nuke
mezii,2025-11-15,Vitality,Falcons,13,16,0.95,inf
mezii,2025-11-14,Vitality,Spirit,16,13,1.03,mrg
mezii,2025-11-14,Vitality,Spirit,19,16,1.04,nuke
mezii,2025-11-14,Vitality,Spirit,11,13,1.07,d2
mezii,2025-11-13,Vitality,FURIA,5,13,0.87,inf
mezii,2025-11-13,Vitality,FURIA,16,13,1.31,ovp
mezii,2025-11-13,Vitality,FURIA,11,13,1.32,nuke
mezii,2025-11-12,Vitality,TYLOO,13,11,1.11,inf
mezii,2025-11-12,Vitality,TYLOO,4,13,0.97,nuke
mezii,2025-11-12,Vitality,TYLOO,13,2,1.45,ovp
mezii,2025-11-09,Vitality,FURIA,11,13,1.01,ovp
mezii,2025-11-09,Vitality,FURIA,10,13,0.93,inf
mezii,2025-11-09,Vitality,FURIA,11,13,1.14,anc
mezii,2025-11-08,Vitality,MOUZ,13,10,0.85,inf
mezii,2025-11-08,Vitality,MOUZ,11,13,0.81,trn
mezii,2025-11-08,Vitality,MOUZ,16,13,0.59,nuke
mezii,2025-11-07,Vitality,Astralis,13,7,1.34,mrg
mezii,2025-11-07,Vitality,Astralis,14,16,0.8,nuke
mezii,2025-11-07,Vitality,Astralis,13,7,1.21,inf
mezii,2025-11-05,Vitality,G2,13,11,1.22,mrg
mezii,2025-11-05,Vitality,G2,13,4,1.26,trn
mezii,2025-11-05,Vitality,Lynn Vision,13,5,1.17,nuke
mezii,2025-11-05,Vitality,Lynn Vision,13,2,1.06,d2
mezii,2025-11-04,Vitality,MOUZ,19,22,0.74,inf
mezii,2025-11-04,Vitality,MOUZ,13,8,0.54,nuke
mezii,2025-11-04,Vitality,MOUZ,3,13,0.88,trn
mezii,2025-11-03,Vitality,Virtus.pro,13,4,1.57,mrg
mezii,2025-11-03,Vitality,Virtus.pro,13,11,1.15,d2
mezii,2025-11-03,Vitality,Virtus.pro,9,13,0.98,ovp
mezii,2025-10-12,Vitality,Falcons,13,5,1.8,d2
mezii,2025-10-12,Vitality,Falcons,13,9,0.96,trn
mezii,2025-10-12,Vitality,Falcons,13,10,0.88,inf
mezii,2025-10-11,Vitality,FaZe,13,8,0.91,d2
mezii,2025-10-11,Vitality,FaZe,13,9,1.33,inf
mezii,2025-10-11,Vitality,FaZe,20,22,1.08,mrg
mezii,2025-10-10,Vitality,FURIA,13,7,0.99,nuke
mezii,2025-10-10,Vitality,FURIA,13,7,1.48,inf
mezii,2025-10-10,Vitality,FURIA,9,13,1.01,ovp
mezii,2025-10-07,Vitality,G2,16,13,1.41,mrg
mezii,2025-10-07,Vitality,G2,13,2,1.76,inf
mezii,2025-10-06,Vitality,HOTU,13,5,1.6,d2
mezii,2025-10-06,Vitality,HOTU,13,8,1.04,ovp
mezii,2025-10-05,Vitality,GamerLegion,13,1,1.42,d2
mezii,2025-10-05,Vitality,GamerLegion,13,3,1.29,ovp
mezii,2025-10-04,Vitality,Gentle Mates,11,13,1.37,trn
mezii,2025-10-04,Vitality,Gentle Mates,6,13,1.1,nuke
mezii,2025-09-07,Vitality,G2,6,13,0.89,trn
mezii,2025-09-07,Vitality,G2,12,16,1.28,inf
mezii,2025-09-07,Vitality,G2,13,6,1.11,ovp
mezii,2025-09-07,Vitality,G2,13,6,0.93,mrg
mezii,2025-09-07,Vitality,G2,3,13,0.51,d2
mezii,2025-09-06,Vitality,MOUZ,13,8,1.01,inf
mezii,2025-09-06,Vitality,MOUZ,13,7,1.13,mrg
mezii,2025-09-01,Vitality,FaZe,13,5,1.24,inf
mezii,2025-09-01,Vitality,FaZe,19,16,1.35,nuke
mezii,2025-09-01,Vitality,FaZe,17,19,1.06,mrg
mezii,2025-08-29,Vitality,GamerLegion,13,4,0.8,nuke
mezii,2025-08-29,Vitality,GamerLegion,7,13,0.78,inf
mezii,2025-08-29,Vitality,GamerLegion,13,9,0.98,trn
mezii,2025-08-27,Vitality,M80,13,10,0.97,inf
mezii,2025-08-27,Vitality,M80,13,7,0.95,d2
mezii,2025-08-27,Vitality,M80,3,13,0.52,ovp
mezii,2025-08-24,Vitality,Falcons,3,13,0.95,nuke
mezii,2025-08-24,Vitality,Falcons,3,13,0.43,trn
mezii,2025-08-24,Vitality,Falcons,13,9,1.83,inf
mezii,2025-08-23,Vitality,The MongolZ,7,13,0.6,nuke
mezii,2025-08-23,Vitality,The MongolZ,13,9,1.29,d2
mezii,2025-08-23,Vitality,The MongolZ,8,13,1.36,mrg
mezii,2025-08-21,Vitality,TYLOO,13,8,1.09,nuke
mezii,2025-08-21,Vitality,TYLOO,13,4,1.07,inf
mezii,2025-08-20,Vitality,Liquid,19,16,0.99,d2
mezii,2025-08-20,Vitality,Liquid,13,11,0.77,mrg
mezii,2025-08-16,Vitality,The MongolZ,11,13,0.5,inf
mezii,2025-08-16,Vitality,The MongolZ,7,13,1.43,mrg
mezii,2025-08-15,Vitality,Liquid,19,16,1.03,nuke
mezii,2025-08-15,Vitality,Liquid,16,13,1.31,trn
mezii,2025-08-10,Vitality,Legacy,13,8,0.92,d2
mezii,2025-08-10,Vitality,Legacy,16,12,1.08,mrg
mezii,2025-08-08,Vitality,NRG,13,4,1.76,d2
mezii,2025-08-08,Vitality,NRG,13,5,1.31,mrg
mezii,2025-08-02,Vitality,MOUZ,8,13,0.82,trn
mezii,2025-08-02,Vitality,MOUZ,9,13,1.1,mrg
mezii,2025-07-29,Vitality,The MongolZ,13,8,1.04,inf
mezii,2025-07-29,Vitality,The MongolZ,13,5,1.56,mrg
mezii,2025-07-27,Vitality,G2,13,10,1.01,trn
mezii,2025-07-27,Vitality,G2,13,5,1.39,inf
mezii,2025-07-26,Vitality,Astralis,13,8,1.39,ovp
mezii,2025-07-26,Vitality,Astralis,13,11,1.61,nuke
mezii,2025-06-22,Vitality,The MongolZ,13,6,1.46,inf
mezii,2025-06-22,Vitality,The MongolZ,13,4,1.8,d2
mezii,2025-06-22,Vitality,The MongolZ,5,13,0.59,mrg
mezii,2025-06-21,Vitality,MOUZ,13,6,0.93,trn
mezii,2025-06-21,Vitality,MOUZ,4,13,0.67,inf
mezii,2025-06-21,Vitality,MOUZ,13,8,1.42,mrg
mezii,2025-06-20,Vitality,Natus Vincere,13,11,1.54,nuke
mezii,2025-06-20,Vitality,Natus Vincere,13,9,1.34,mrg
mezii,2025-06-14,Vitality,Virtus.pro,13,6,1.29,d2
mezii,2025-06-14,Vitality,Virtus.pro,13,6,1.15,trn
mezii,2025-06-13,Vitality,3DMAX,13,2,1.32,nuke
mezii,2025-06-13,Vitality,Nemiga,13,6,0.83,d2
mezii,2025-06-12,Vitality,Legacy,3,13,0.69,inf
mezii,2025-05-25,Vitality,MOUZ,13,8,1.25,inf
mezii,2025-05-25,Vitality,MOUZ,13,9,1.04,mrg
mezii,2025-05-25,Vitality,MOUZ,13,11,1.22,d2
mezii,2025-05-24,Vitality,Falcons,13,11,1.31,inf
mezii,2025-05-24,Vitality,Falcons,6,13,1.03,trn
mezii,2025-05-24,Vitality,Falcons,13,7,1.23,d2
mezii,2025-05-22,Vitality,The MongolZ,13,11,1.0,mrg
mezii,2025-05-22,Vitality,The MongolZ,7,13,1.2,nuke
mezii,2025-05-22,Vitality,The MongolZ,13,10,1.04,inf
mezii,2025-05-20,Vitality,GamerLegion,13,10,1.04,nuke
mezii,2025-05-20,Vitality,GamerLegion,13,9,1.12,mrg
mezii,2025-05-19,Vitality,Legacy,13,11,0.99,d2
mezii,2025-05-19,Vitality,Legacy,13,5,1.25,inf
mezii,2025-05-04,Vitality,Falcons,13,8,1.03,nuke
mezii,2025-05-04,Vitality,Falcons,14,16,1.29,mrg
mezii,2025-05-04,Vitality,Falcons,13,6,1.47,trn
mezii,2025-05-04,Vitality,Falcons,13,6,1.12,d2
mezii,2025-05-04,Vitality,Falcons,9,13,0.65,inf
mezii,2025-05-03,Vitality,Spirit,13,9,1.3,nuke
mezii,2025-05-03,Vitality,Spirit,13,8,1.13,mrg
mezii,2025-05-01,Vitality,MOUZ,13,8,0.52,trn
mezii,2025-05-01,Vitality,MOUZ,13,9,0.98,inf
mezii,2025-05-01,Vitality,MOUZ,9,13,0.61,mrg
mezii,2025-04-30,Vitality,Wildcard,13,6,1.65,d2
mezii,2025-04-30,Vitality,Wildcard,13,7,1.8,inf
mezii,2025-04-27,Vitality,Falcons,22,20,1.25,nuke
mezii,2025-04-27,Vitality,Falcons,10,13,1.3,mrg
mezii,2025-04-27,Vitality,Falcons,13,9,1.02,trn
mezii,2025-04-27,Vitality,Falcons,12,16,0.59,d2
mezii,2025-04-27,Vitality,Falcons,13,2,0.85,inf
mezii,2025-04-26,Vitality,The MongolZ,13,3,1.45,nuke
mezii,2025-04-26,Vitality,The MongolZ,13,3,1.93,mrg
mezii,2025-04-23,Vitality,Falcons,13,8,0.88,inf
mezii,2025-04-23,Vitality,Falcons,16,13,1.33,mrg
mezii,2025-04-22,Vitality,Liquid,13,8,1.23,nuke
mezii,2025-04-22,Vitality,Liquid,13,5,1.3,mrg
mezii,2025-04-21,Vitality,FlyQuest,13,8,1.09,nuke
mezii,2025-04-21,Vitality,FlyQuest,13,2,1.43,anb
mezii,2025-03-30,Vitality,MOUZ,13,7,0.91,trn
mezii,2025-03-30,Vitality,MOUZ,13,7,1.11,nuke
mezii,2025-03-30,Vitality,MOUZ,11,13,0.72,d2
mezii,2025-03-30,Vitality,MOUZ,11,13,0.93,mrg
mezii,2025-03-30,Vitality,MOUZ,13,0,0.97,inf
mezii,2025-03-29,Vitality,Spirit,13,10,0.83,mrg
mezii,2025-03-29,Vitality,Spirit,5,13,0.36,nuke
mezii,2025-03-29,Vitality,Spirit,13,6,1.21,anb
mezii,2025-03-24,Vitality,MOUZ,13,11,1.16,d2
mezii,2025-03-24,Vitality,MOUZ,13,11,0.9,mrg
mezii,2025-03-21,Vitality,Virtus.pro,13,5,1.47,inf
mezii,2025-03-21,Vitality,Virtus.pro,13,6,1.05,anb
mezii,2025-03-19,Vitality,Astralis,13,6,1.57,d2
mezii,2025-03-19,Vitality,Astralis,13,4,1.62,inf
mezii,2025-03-16,Vitality,MOUZ,13,5,0.91,inf
mezii,2025-03-16,Vitality,MOUZ,13,4,1.68,nuke
mezii,2025-03-16,Vitality,MOUZ,13,9,1.45,d2
mezii,2025-03-15,Vitality,The MongolZ,13,2,1.16,inf
mezii,2025-03-15,Vitality,The MongolZ,14,16,0.86,nuke
mezii,2025-03-15,Vitality,The MongolZ,13,4,1.01,anb
mezii,2025-03-14,Vitality,Liquid,13,9,1.18,d2
mezii,2025-03-14,Vitality,Liquid,13,9,1.44,anb
mezii,2025-03-09,Vitality,MOUZ,13,7,1.11,d2
mezii,2025-03-09,Vitality,MOUZ,13,6,0.8,inf
mezii,2025-03-08,Vitality,3DMAX,13,7,1.16,d2
mezii,2025-03-08,Vitality,3DMAX,13,5,1.09,trn
mezii,2025-03-07,Vitality,MIBR,13,8,0.88,trn
mezii,2025-03-07,Vitality,MIBR,13,3,1.2,inf
mezii,2025-03-07,Vitality,MIBR,7,13,0.96,anb
mezii,2025-02-09,Vitality,Spirit,13,11,1.25,mrg
mezii,2025-02-09,Vitality,Spirit,13,5,0.93,nuke
mezii,2025-02-09,Vitality,Spirit,13,6,0.9,d2
mezii,2025-02-08,Vitality,The MongolZ,13,9,1.22,nuke
mezii,2025-02-08,Vitality,The MongolZ,13,7,1.04,mrg
mezii,2025-02-04,Vitality,Virtus.pro,13,5,0.92,inf
mezii,2025-02-04,Vitality,Virtus.pro,13,8,0.92,anb
mezii,2025-02-02,Vitality,FaZe,19,16,1.18,d2
mezii,2025-02-02,Vitality,FaZe,10,13,0.94,anb
mezii,2025-02-02,Vitality,FaZe,13,3,1.86,nuke
mezii,2025-02-01,Vitality,3DMAX,13,9,1.24,nuke
mezii,2025-02-01,Vitality,3DMAX,19,16,1.28,inf
mezii,2025-01-24,Vitality,Eternal Fire,11,13,1.14,mrg
mezii,2025-01-24,Vitality,Eternal Fire,9,13,1.07,anb
mezii,2025-01-19,Vitality,Virtus.pro,13,6,1.58,inf
mezii,2025-01-19,Vitality,Virtus.pro,13,11,1.08,trn
mezii,2025-01-15,Vitality,Metizport,13,9,0.82,d2
mezii,2025-01-15,Vitality,Metizport,13,11,1.15,mrg
